Index,Artist,ArtistSlug,Title,Year,Width,Height,Megapixels,HighResUrl,LocalFileName,FileSizeBytes
1,Johannes Vermeer,johannes-vermeer,Diana and her Companions,1654,3000,2765,8.29,https://uploads1.wikiart.org/00129/images/johannes-vermeer/diana-and-her-companions.jpg,0001_Diana_and_her_Companions_3000x2765.jpg,0
2,Johannes Vermeer,johannes-vermeer,Christ in the House of Martha and Mary,1654,789,900,0.71,https://uploads7.wikiart.org/00380/images/johannes-vermeer/christ-in-the-house-of-martha-and-mary-1656-johannes-vermeer.jpg,0002_Christ_in_the_House_of_Martha_and_Mary_789x900.jpg,0
3,Johannes Vermeer,johannes-vermeer,Saint Praxedis,1655,376,470,0.18,https://uploads0.wikiart.org/00367/images/johannes-vermeer/screenshot-2021-11-13-172329.png,0003_Saint_Praxedis_376x470.png,0
4,Johannes Vermeer,johannes-vermeer,The Procuress,1656,3829,4278,16.38,https://uploads8.wikiart.org/00129/images/johannes-vermeer/the-procuress.jpg,0004_The_Procuress_3829x4278.jpg,0
5,Johannes Vermeer,johannes-vermeer,"The Procuress, detail (supposed self-portrait)",1656,503,808,0.41,https://uploads2.wikiart.org/images/johannes-vermeer/the-only-supposed-portrait-of-jan-vermeer.jpg,"0005_The_Procuress,_detail_(supposed_self-por_503x808.jpg",0
6,Johannes Vermeer,johannes-vermeer,Girl Reading a Letter at an Open Window,1657,3265,4270,13.94,https://uploads3.wikiart.org/00142/images/57726d86edc2cb3880b48f87/jan-vermeer-van-delft-003.jpg,0006_Girl_Reading_a_Letter_at_an_Open_Window_3265x4270.jpg,0
7,Johannes Vermeer,johannes-vermeer,A maid asleep,1657,777,900,0.7,https://uploads6.wikiart.org/00380/images/johannes-vermeer/4-a-maid-asleep-johannes-vermeer.jpg,0007_A_maid_asleep_777x900.jpg,0
8,Johannes Vermeer,johannes-vermeer,Officer and Laughing Girl,1657,4785,5213,24.94,https://uploads4.wikiart.org/00142/images/johannes-vermeer/officer-and-laughing-girl.jpg,0008_Officer_and_Laughing_Girl_4785x5213.jpg,0
9,Johannes Vermeer,johannes-vermeer,A Lady and Two Gentlemen,1659,1200,1421,1.71,https://uploads3.wikiart.org/images/johannes-vermeer/a-lady-and-two-gentlemen.jpg,0009_A_Lady_and_Two_Gentlemen_1200x1421.jpg,0
10,Johannes Vermeer,johannes-vermeer,The Little Street,1660,726,900,0.65,https://uploads8.wikiart.org/00380/images/johannes-vermeer/the-little-street-1658-jan-vermeer.jpg,0010_The_Little_Street_726x900.jpg,0
11,Johannes Vermeer,johannes-vermeer,The glass of wine,1660,5000,4317,21.59,https://uploads0.wikiart.org/00142/images/57726d86edc2cb3880b48f87/jan-vermeer-van-delft-the-glass-of-wine-google-art-project.jpg,0011_The_glass_of_wine_5000x4317.jpg,0
12,Johannes Vermeer,johannes-vermeer,The Milkmaid,1660,4000,4485,17.94,https://uploads0.wikiart.org/images/johannes-vermeer/the-milkmaid.jpg,0012_The_Milkmaid_4000x4485.jpg,0
13,Johannes Vermeer,johannes-vermeer,Girl interrupted at her music,1661,1920,1702,3.27,https://uploads6.wikiart.org/00129/images/johannes-vermeer/girl-interrupted-at-her-music.jpg,0013_Girl_interrupted_at_her_music_1920x1702.jpg,0
14,Johannes Vermeer,johannes-vermeer,View of Delft,1661,3000,2491,7.47,https://uploads8.wikiart.org/00129/images/johannes-vermeer/view-on-delft.jpg,0014_View_of_Delft_3000x2491.jpg,0
15,Johannes Vermeer,johannes-vermeer,Young Woman with a Pearl Necklace,1662,4500,5236,23.56,https://uploads3.wikiart.org/images/johannes-vermeer/young-woman-with-a-pearl-necklace.jpg,0015_Young_Woman_with_a_Pearl_Necklace_4500x5236.jpg,0
16,Johannes Vermeer,johannes-vermeer,Woman reading a letter (Woman in Blue Reading a Letter),1663,750,900,0.68,https://uploads5.wikiart.org/00380/images/johannes-vermeer/1-woman-in-blue-reading-a-letter-johannes-vermeer.jpg,0016_Woman_reading_a_letter_(Woman_in_Blue_Re_750x900.jpg,0
17,Johannes Vermeer,johannes-vermeer,The Concert,1664,453,500,0.23,https://uploads8.wikiart.org/00340/images/johannes-vermeer/the-concert.jpg,0017_The_Concert_453x500.jpg,0
18,Johannes Vermeer,johannes-vermeer,Woman with a lute,1664,1533,1748,2.68,https://uploads5.wikiart.org/images/johannes-vermeer/woman-with-a-lute.jpg,0018_Woman_with_a_lute_1533x1748.jpg,0
19,Johannes Vermeer,johannes-vermeer,A Lady at the Virginals with a Gentleman,1665,821,970,0.8,https://uploads5.wikiart.org/00287/images/johannes-vermeer/a-lady-at-the-virginals-with-a-gentleman.jpg,0019_A_Lady_at_the_Virginals_with_a_Gentleman_821x970.jpg,0
20,Johannes Vermeer,johannes-vermeer,The Girl with a Pearl Earring,1665,759,900,0.68,https://uploads0.wikiart.org/00380/images/johannes-vermeer/1-girl-with-a-pearl-earring-johannes-vermeer.jpg,0020_The_Girl_with_a_Pearl_Earring_759x900.jpg,0
21,Johannes Vermeer,johannes-vermeer,The music lesson,1665,782,900,0.7,https://uploads0.wikiart.org/00380/images/johannes-vermeer/5-the-music-lesson-johannes-vermeer.jpg,0021_The_music_lesson_782x900.jpg,0
22,Johannes Vermeer,johannes-vermeer,Woman Holding a Balance,1665,796,900,0.72,https://uploads7.wikiart.org/00380/images/johannes-vermeer/9-woman-holding-a-balance-johannes-vermeer.jpg,0022_Woman_Holding_a_Balance_796x900.jpg,0
23,Johannes Vermeer,johannes-vermeer,Young Woman with a Water Pitcher,1665,3299,3722,12.28,https://uploads6.wikiart.org/00180/images/johannes-vermeer/young-woman-with-a-water-pitcher.jpg,0023_Young_Woman_with_a_Water_Pitcher_3299x3722.jpg,0
24,Johannes Vermeer,johannes-vermeer,A lady writing,1666,3553,4051,14.39,https://uploads2.wikiart.org/00142/images/johannes-vermeer/a-lady-writing.jpg,0024_A_lady_writing_3553x4051.jpg,0
25,Johannes Vermeer,johannes-vermeer,Girl with a Flute,1666,2482,2816,6.99,https://uploads3.wikiart.org/00129/images/johannes-vermeer/girl-with-a-flute.jpg,0025_Girl_with_a_Flute_2482x2816.jpg,0
26,Johannes Vermeer,johannes-vermeer,Girl with the red hat,1667,2356,2966,6.99,https://uploads5.wikiart.org/00142/images/57726d86edc2cb3880b48f87/vermeer-girl-with-a-red-hat.JPG,0026_Girl_with_the_red_hat_2356x2966.jpg,0
27,Johannes Vermeer,johannes-vermeer,Mistress and Maid (Lady with Her Maidservant Holding a Letter ),1667,780,900,0.7,https://uploads1.wikiart.org/00380/images/johannes-vermeer/3-mistress-and-maid-johannes-vermeer.jpg,0027_Mistress_and_Maid_(Lady_with_Her_Maidser_780x900.jpg,0
28,Johannes Vermeer,johannes-vermeer,Study of a young woman,1667,945,1020,0.96,https://uploads1.wikiart.org/images/johannes-vermeer/study-of-a-young-woman.jpg,0028_Study_of_a_young_woman_945x1020.jpg,0
29,Johannes Vermeer,johannes-vermeer,The Art of Painting,1668,6209,7377,45.8,https://uploads5.wikiart.org/00129/images/johannes-vermeer/the-art-of-painting.jpg,0029_The_Art_of_Painting_6209x7377.jpg,0
30,Johannes Vermeer,johannes-vermeer,The astronomer,1668,786,900,0.71,https://uploads7.wikiart.org/00380/images/johannes-vermeer/5-the-astronomer-johannes-vermeer.jpg,0030_The_astronomer_786x900.jpg,0
31,Johannes Vermeer,johannes-vermeer,The Geographer,1669,599,750,0.45,https://uploads0.wikiart.org/00383/images/johannes-vermeer/n-geografovermeer.jpg,0031_The_Geographer_599x750.jpg,0
32,Johannes Vermeer,johannes-vermeer,The Love Letter,1669,4000,4638,18.55,https://uploads3.wikiart.org/images/johannes-vermeer/the-love-letter.jpg,0032_The_Love_Letter_4000x4638.jpg,0
33,Johannes Vermeer,johannes-vermeer,Lady Writing a Letter with Her Maid,1670,3750,4554,17.08,https://uploads3.wikiart.org/00129/images/johannes-vermeer/lady-writing-a-letter-with-her-maid.jpg,0033_Lady_Writing_a_Letter_with_Her_Maid_3750x4554.jpg,0
34,Johannes Vermeer,johannes-vermeer,The Lacemaker,1671,1784,2156,3.85,https://uploads1.wikiart.org/images/johannes-vermeer/the-lacemaker.jpg,0034_The_Lacemaker_1784x2156.jpg,0
35,Johannes Vermeer,johannes-vermeer,A Lady Standing at a Virginal,1672,3713,4226,15.69,https://uploads6.wikiart.org/00129/images/johannes-vermeer/a-lady-standing-at-a-virginal.jpg,0035_A_Lady_Standing_at_a_Virginal_3713x4226.jpg,0
36,Johannes Vermeer,johannes-vermeer,A young woman seated at a virginal (A Lady Seated at a Virginal),1672,2514,2817,7.08,https://uploads5.wikiart.org/images/johannes-vermeer/a-young-woman-seated-at-a-virginal-a-lady-seated-at-a-virginal.jpg,0036_A_young_woman_seated_at_a_virginal_(A_La_2514x2817.jpg,0
37,Johannes Vermeer,johannes-vermeer,A young woman seated at the virginals (A young woman seated at the virginal),1672,600,769,0.46,https://uploads8.wikiart.org/images/johannes-vermeer/a-young-woman-seated-at-the-virginals-a-young-woman-seated-at-the-virginal.jpg,0037_A_young_woman_seated_at_the_virginals_(A_600x769.jpg,0
38,Johannes Vermeer,johannes-vermeer,Youg woman playing a guitar,1672,3691,4226,15.6,https://uploads3.wikiart.org/00142/images/57726d86edc2cb3880b48f87/jan-vermeer-van-delft-013.jpg,0038_Youg_woman_playing_a_guitar_3691x4226.jpg,0
39,Johannes Vermeer,johannes-vermeer,Allegory on Faith,1674,695,900,0.63,https://uploads0.wikiart.org/00380/images/johannes-vermeer/1-the-allegory-of-the-faith-johannes-vermeer.jpg,0039_Allegory_on_Faith_695x900.jpg,0
40,Johannes Vermeer,johannes-vermeer,Plaque of a Dutch woman tatting lace,,396,470,0.19,https://uploads6.wikiart.org/00380/images/johannes-vermeer/41c3b9345cbdd03d5875dca4d6e7ac61.jpg,0040_Plaque_of_a_Dutch_woman_tatting_lace_396x470.jpg,0
41,Johannes Vermeer,johannes-vermeer,Young woman with hands one over the other,,368,470,0.17,https://uploads6.wikiart.org/00380/images/johannes-vermeer/cfaaa4f206019ed1309540bac437cccc.jpg,0041_Young_woman_with_hands_one_over_the_othe_368x470.jpg,0
42,Johannes Vermeer,johannes-vermeer,The Lacemaker,,789,900,0.71,https://uploads0.wikiart.org/00380/images/johannes-vermeer/1-the-lacemaker-imitator-of-johannes-vermeer.jpg,0042_The_Lacemaker_789x900.jpg,0
43,Johannes Vermeer,johannes-vermeer,Plaque of a Dutch woman tatting lace,,385,469,0.18,https://uploads0.wikiart.org/00367/images/johannes-vermeer/screenshot-2021-11-13-172437.png,0043_Plaque_of_a_Dutch_woman_tatting_lace_385x469.png,0
44,Johannes Vermeer,johannes-vermeer,Merry Society,,625,468,0.29,https://uploads4.wikiart.org/00367/images/johannes-vermeer/image-2021-11-13-172217.png,0044_Merry_Society_625x468.png,0
